<?xml version="1.0" encoding="UTF-8" ?>
<!DOCTYPE mapper
	PUBLIC "-//mybatis.org//DTD Mapper 3.0//EN"
	"http://mybatis.org/dtd/mybatis-3-mapper.dtd">
	
<mapper namespace="mapper.member">

	<!-- signUpIn 관련 쿼리  -->
	
	<select id="idCheck" resultType="int">
		select count(*) 
		from allmember 
		where lower(id) = lower(#{id})
	</select>
	
	<select id="emailCheck" resultType="int">
		select count(*) 
		from allmember 
		where lower(email) = lower(#{email})
	</select>
	
	<insert id="addMember" parameterType="signUpInDTO">
		insert into allmember( userkey, id, pw, name, sex, nickname, email, joindate )
		values( seq_userkey.nextval, #{id}, #{pw}, #{name}, #{sex}, #{nickName}, #{email}, sysdate )
	</insert>
	
	<select id="signIn" resultType="string" parameterType="string">
		select pw 
		from allmember 
		where lower(id) = lower(#{id})
	</select>
	
	<select id="userInfo" resultType="signUpInDTO" parameterType="string">
		select * 
		from allmember 
		where lower(id) = lower(#{id})
	</select>
		
	<update id="updateLastTime" parameterType="string">

		update allmember 
		set lasttime=sysdate
		where lower(id) = lower(#{id})
	
	</update>
	
	<!-- 관리자 검색 관련 쿼리 -->
	<select id="listMembers" resultType="signUpInDTO">
		select * from allmember		
	</select>
	
	<select id="listById" resultType="signUpInDTO" parameterType="string">
		select * from allmember
		where lower(id) like '%' || lower(#{keyword}) || '%'
	</select>
	
	<select id="listByName" resultType="signUpInDTO" parameterType="string">
		select * from allmember
		where lower(name) like '%' || lower(#{keyword}) || '%'
	
	</select>
	
	<select id="listByBoth" resultType="signUpInDTO" parameterType="string">
		select * from allmember
		where lower(name) like '%' || lower(#{keyword}) || '%'
		or (lower(id) like '%' || lower(#{keyword}) || '%')
		or (lower(nickname) like '%' || lower(#{keyword}) || '%')
	</select>
	
	<select id="listTeams" resultType="adminDTO">
		SELECT * FROM(
		SELECT allteam.t_key, allteam.t_name, allteam.userkey, allteam.t_intro, allmember.name, allmember.id
		FROM allteam, allmember
		WHERE allteam.userkey = allmember.userkey
		ORDER BY t_name
		)teaminfo
	</select>
	
	<select id="listByTname" resultType="adminDTO" parameterType="string">
		SELECT * FROM(
		SELECT allteam.t_key, allteam.t_name, allteam.userkey, allteam.t_intro, allmember.name, allmember.id
		FROM allteam, allmember
		WHERE allteam.userkey = allmember.userkey
		ORDER BY t_name
		)teaminfo
		WHERE lower(teaminfo.t_name) LIKE '%'|| lower(#{keyword}) ||'%'
	</select>
	
	<select id="listByTleader" resultType="adminDTO" parameterType="string">
		SELECT * FROM(
		SELECT allteam.t_key, allteam.t_name, allteam.userkey, allteam.t_intro, allmember.name, allmember.id
		FROM allteam, allmember
		WHERE allteam.userkey = allmember.userkey
		ORDER BY t_name
		)teaminfo
		WHERE lower(teaminfo.name) LIKE '%'|| lower(#{keyword}) ||'%'
		OR lower(teaminfo.id) LIKE '%'|| lower(#{keyword}) ||'%'	
	</select>
	
	<select id="listByTinfo" resultType="adminDTO" parameterType="string">
		SELECT * FROM(
		SELECT allteam.t_key, allteam.t_name, allteam.userkey, allteam.t_intro, allmember.name, allmember.id
		FROM allteam, allmember
		WHERE allteam.userkey = allmember.userkey
		ORDER BY t_name
		)teaminfo
		WHERE lower(teaminfo.t_intro) LIKE '%'|| lower(#{keyword}) ||'%'	
	</select>
	
	<update id="modMember" parameterType="signUpInDTO">
		UPDATE allmember 
		SET pw=#{pw}, nickname=#{nickName}, sex=#{sex}, email=#{email}
		WHERE id = #{id}
	</update>
	
	<delete id="delMember" parameterType="string">
		delete from allmember
		where lower(id) = lower(#{id})
	</delete>
	
	<!-- 인기글 가져오는 쿼리문 -->
	
	<select id="topActicles" resultType="boardDTO">
		SELECT * from(
			SELECT rownum AS rnum, tmp.* from(
			select  b.B_key, b.B_ArticleNo, b.B_parentNo, b.B_title , b.B_content, b.B_field, b.B_writeDate, b.B_view, b.UserKey, a.nickName 
			from Board b 
			, ALLMEMBER a 
			where b.userkey = a.userkey 
			AND b.B_VIEW IS NOT null
			order by b.B_VIEW DESC 
			) tmp
		)
		WHERE 1 <![CDATA[<=]]> rnum AND rnum <![CDATA[<=]]> 10
	</select>
	
	
</mapper>