<?xml version="1.0" encoding="UTF-8" ?>
<!DOCTYPE tiles-definitions PUBLIC
"-//Apache Software Foundation//DTD Tiles Configuration 2.0//EN"
"http://tiles.apache.org/dtds/tiles-config_2_0.dtd">
<tiles-definitions>

	<definition name="baseLayout_profile"  template="/WEB-INF/views/common/layout.jsp">
      	<put-attribute name="title" value="" />
      	<put-attribute name="header" value="/WEB-INF/views/common/header(logout).jsp" />
      	<put-attribute name="side" value="/WEB-INF/views/common/postIt.jsp" />
      	<put-attribute name="body" value="" />
   		<put-attribute name="footer" value="/WEB-INF/views/common/footer.jsp" />
   	</definition>
   	
   	<definition name="profileUpdate" extends="baseLayout_profile">
      	<put-attribute name="title" value="프로필 수정" />
      	<put-attribute name="header" value="/WEB-INF/views/common/header(logout).jsp" />
      	<put-attribute name="side" value="" />
      	<put-attribute name="body" value="/WEB-INF/views/profile/profileUpdate.jsp" />
   		<put-attribute name="footer" value="/WEB-INF/views/common/footer.jsp" />
   	</definition>

</tiles-definitions>