<?xml version="1.0" encoding="UTF-8" ?>
<!DOCTYPE tiles-definitions PUBLIC
"-//Apache Software Foundation//DTD Tiles Configuration 2.0//EN"
"http://tiles.apache.org/dtds/tiles-config_2_0.dtd">
<tiles-definitions>
   <definition name="baseLayout"  template="/WEB-INF/views/common/layout.jsp">
      <put-attribute name="title" value="" />
      <put-attribute name="header" value="/WEB-INF/views/common/header(login).jsp" />
      <put-attribute name="side" value="/WEB-INF/views/common/postIt.jsp" />
      <put-attribute name="body" value="" />
      <put-attribute name="footer" value="/WEB-INF/views/common/footer.jsp" />
   </definition>

    <!-- 팀디테일 페이지  -->
   <definition name="teamDetail" extends="baseLayout">
      <put-attribute name="title" value="팀정보페이지" />
      <put-attribute name="header" value="/WEB-INF/views/common/header(logout).jsp" />
      <put-attribute name="side" value="" />
      <put-attribute name="body" value="/WEB-INF/views/teamPage/teamDetail.jsp" />
      <put-attribute name="footer" value="" />
   </definition>
   
     <!-- 팀디테일_멤버 페이지  -->
   <definition name="teamDetail_member" extends="baseLayout">
      <put-attribute name="title" value="팀정보페이지" />
      <put-attribute name="header" value="/WEB-INF/views/common/header(logout).jsp" />
      <put-attribute name="side" value="" />
      <put-attribute name="body" value="/WEB-INF/views/teamPage/teamDetail_member.jsp" />
      <put-attribute name="footer" value="" />
   </definition>
   
       <!-- 팀디테일_admin 페이지  -->
   <definition name="teamDetail_admin" extends="baseLayout">
      <put-attribute name="title" value="팀정보페이지" />
      <put-attribute name="header" value="/WEB-INF/views/common/header(logout)_admin.jsp" />
      <put-attribute name="side" value="" />
      <put-attribute name="body" value="/WEB-INF/views/teamPage/teamDetail.jsp" />
      <put-attribute name="footer" value="" />
   </definition>
   
     <!-- allTeamList 페이지  -->
   <definition name="allTeamList" extends="baseLayout">
      <put-attribute name="title" value="전체 팀페이지" />
      <put-attribute name="header" value="/WEB-INF/views/common/header(logout).jsp" />
      <put-attribute name="side" value="" />
      <put-attribute name="body" value="/WEB-INF/views/teamPage/allTeamList.jsp" />
      <put-attribute name="footer" value="" />
   </definition>
   
    <!-- createTeam 페이지  -->
   <definition name="createTeam" extends="baseLayout">
      <put-attribute name="title" value="팀개설 페이지" />
      <put-attribute name="header" value="/WEB-INF/views/common/header(logout).jsp" />
      <put-attribute name="side" value="" />
      <put-attribute name="body" value="/WEB-INF/views/teamPage/CreateTeam.jsp" />
      <put-attribute name="footer" value="" />
   </definition>
   
     <!-- myTeamList 페이지  -->
   <definition name="myTeamList" extends="baseLayout">
      <put-attribute name="title" value="나의 팀 현황페이지" />
      <put-attribute name="header" value="/WEB-INF/views/common/header(logout).jsp" />
      <put-attribute name="side" value="" />
      <put-attribute name="body" value="/WEB-INF/views/teamPage/myTeamList.jsp" />
      <put-attribute name="footer" value="" />
   </definition>

</tiles-definitions>