<?xml version="1.0" encoding="UTF-8" ?>
<!DOCTYPE tiles-definitions PUBLIC
"-//Apache Software Foundation//DTD Tiles Configuration 2.0//EN"
"http://tiles.apache.org/dtds/tiles-config_2_0.dtd">
<tiles-definitions>

   <definition name="baseLayout_search"  template="/WEB-INF/views/common/layout.jsp">
      <put-attribute name="title" value="" />
      <put-attribute name="header" value="/WEB-INF/views/common/header(logout).jsp" />
      <put-attribute name="side" value="/WEB-INF/views/common/postIt.jsp" />
      <put-attribute name="body" value="" />
      <put-attribute name="footer" value="/WEB-INF/views/common/footer.jsp" />
   </definition>
   
   <definition name="boardSearch" extends="baseLayout_search">
      <put-attribute name="title" value="게시글 보기" />
      <put-attribute name="header" value="/WEB-INF/views/common/header(logout).jsp" />
      <put-attribute name="side" value="" />
      <put-attribute name="body" value="/WEB-INF/views/search/boardSearch.jsp" />
      <put-attribute name="footer" value="/WEB-INF/views/common/footer.jsp" />
   </definition>
   
   <definition name="teamSearch" extends="baseLayout_search">
      <put-attribute name="title" value="팀 찾기" />
      <put-attribute name="header" value="/WEB-INF/views/common/header(logout).jsp" />
      <put-attribute name="side" value="" />
      <put-attribute name="body" value="/WEB-INF/views/search/teamSearch.jsp" />
      <put-attribute name="footer" value="/WEB-INF/views/common/footer.jsp" />
   </definition>
   
   <definition name="userSearch" extends="baseLayout_search">
      <put-attribute name="title" value="유저 찾기" />
      <put-attribute name="header" value="/WEB-INF/views/common/header(logout).jsp" />
      <put-attribute name="side" value="" />
      <put-attribute name="body" value="/WEB-INF/views/search/userSearch.jsp" />
      <put-attribute name="footer" value="/WEB-INF/views/common/footer.jsp" />
   </definition>
   

</tiles-definitions>